,Range,Test Accuracy Range
0,Total Accuracy [All],0.7103235747303543
1,Below Average [0-3],0.6959459459459459
2,Average [4-7],0.709741550695825
3,Above Average [8-10],0.7216174183514774
