,test_loss,test_accuracy,execution_time (minutes)
LinearEssayScoringModel,5.032861308047646,79.78003384094755,1.0177398721377056
LinearLayersEssayScoringModel,1.0904727107600163,57.69881556683587,4.393015682697296
CNNEssayScoringModel,4.69016546952097,79.69543147208122,6.685515511035919
LSTMEssayScoringModel,2.0396690933327926,50.08460236886633,2.8593915859858194
AttentionLinearLayersEssayScoringModel,0.997062927798221,60.23688663282572,9.397402993837993
